Approach, Missing Data Mechanism, Missing Ratio, RMSE
GAINCredit,MCAR,0.1,0.0567993337
MostFrequent,MCAR,0.1,0.2089459903
MeanImputation,MCAR,0.1,0.0701251325
MICE,MCAR,0.1,0.0538272294
MissForest,MCAR,0.1,0.0319602928
GAINCredit,MCAR,0.3,0.0744767169
MostFrequent,MCAR,0.3,0.1195328108
MeanImputation,MCAR,0.3,0.0648709565
MICE,MCAR,0.3,0.0558283686
MissForest,MCAR,0.3,0.0355072876
GAINCredit,MCAR,0.5,0.2019225132
MostFrequent,MCAR,0.5,0.1078026224
MeanImputation,MCAR,0.5,0.0728001911
MICE,MCAR,0.5,0.0575645331
MissForest,MCAR,0.5,0.039354791
GAINCredit,MCAR,0.7,0.1171146046
MostFrequent,MCAR,0.7,0.3396694702
MeanImputation,MCAR,0.7,0.240991418
MICE,MCAR,0.7,0.0622065857
MissForest,MCAR,0.7,0.0452593685
GAINCredit,MAR,0.1,0.0722136979
MostFrequent,MAR,0.1,0.9350432093
MeanImputation,MAR,0.1,0.2318638534
MICE,MAR,0.1,0.0781264034
MissForest,MAR,0.1,0.049168739
GAINCredit,MAR,0.3,0.2162416375
MostFrequent,MAR,0.3,0.2542287585
MeanImputation,MAR,0.3,0.1503469727
MICE,MAR,0.3,0.0335503612
MissForest,MAR,0.3,0.0244276975
GAINCredit,MAR,0.5,0.0731233174
MostFrequent,MAR,0.5,0.5416787642
MeanImputation,MAR,0.5,0.4216971067
MICE,MAR,0.5,0.0441410171
MissForest,MAR,0.5,0.0303102734
GAINCredit,MAR,0.7,0.2484875023
MostFrequent,MAR,0.7,0.6706258828
MeanImputation,MAR,0.7,0.6245857339
MICE,MAR,0.7,0.0660550889
MissForest,MAR,0.7,0.0492494325
GAINCredit,MCAR,0.1,0.068979937
MostFrequent,MCAR,0.1,0.1470699718
MeanImputation,MCAR,0.1,0.0643241141
MICE,MCAR,0.1,0.0539046296
MissForest,MCAR,0.1,0.0332548168
GAINCredit,MCAR,0.3,0.0672347538
MostFrequent,MCAR,0.3,0.8548755341
MeanImputation,MCAR,0.3,0.2623651807
MICE,MCAR,0.3,0.0554142677
MissForest,MCAR,0.3,0.0351283288
GAINCredit,MCAR,0.5,0.0867050175
MostFrequent,MCAR,0.5,0.292183823
MeanImputation,MCAR,0.5,0.1539055338
MICE,MCAR,0.5,0.0579029434
MissForest,MCAR,0.5,0.03812747
GAINCredit,MCAR,0.7,0.1067450401
MostFrequent,MCAR,0.7,0.1590133629
MeanImputation,MCAR,0.7,0.1183252194
MICE,MCAR,0.7,0.062643459
MissForest,MCAR,0.7,0.0459677061
GAINCredit,MAR,0.1,0.0303516447
MostFrequent,MAR,0.1,0.9166721933
MeanImputation,MAR,0.1,0.2998321837
MICE,MAR,0.1,0.0351851153
MissForest,MAR,0.1,0.0225645164
GAINCredit,MAR,0.3,0.0385907769
MostFrequent,MAR,0.3,0.5911093234
MeanImputation,MAR,0.3,0.4624129184
MICE,MAR,0.3,0.0287451648
MissForest,MAR,0.3,0.019259134
GAINCredit,MAR,0.5,0.3608526666
MostFrequent,MAR,0.5,0.419238913
MeanImputation,MAR,0.5,0.3115103012
MICE,MAR,0.5,0.0670708167
MissForest,MAR,0.5,0.0465384933
GAINCredit,MAR,0.7,0.1015406389
MostFrequent,MAR,0.7,0.1321912774
MeanImputation,MAR,0.7,0.1225459586
MICE,MAR,0.7,0.0669833484
MissForest,MAR,0.7,0.0494503228
GAINCredit,MCAR,0.1,0.0955943594
MostFrequent,MCAR,0.1,0.2170966405
MeanImputation,MCAR,0.1,0.0690483709
MICE,MCAR,0.1,0.0538973913
MissForest,MCAR,0.1,0.0326448839
GAINCredit,MCAR,0.3,0.1039100479
MostFrequent,MCAR,0.3,0.108047235
MeanImputation,MCAR,0.3,0.0630740081
MICE,MCAR,0.3,0.0549492106
MissForest,MCAR,0.3,0.0346953596
GAINCredit,MCAR,0.5,0.228931114
MostFrequent,MCAR,0.5,0.5955172793
MeanImputation,MCAR,0.5,0.3026353167
MICE,MCAR,0.5,0.0577051188
MissForest,MCAR,0.5,0.0387403977
GAINCredit,MCAR,0.7,0.2280979546
MostFrequent,MCAR,0.7,0.5990384277
MeanImputation,MCAR,0.7,0.4215314085
MICE,MCAR,0.7,0.062755199
MissForest,MCAR,0.7,0.0459589795
GAINCredit,MAR,0.1,0.0697868442
MostFrequent,MAR,0.1,0.0627460478
MeanImputation,MAR,0.1,0.0427110292
MICE,MAR,0.1,0.03129631
MissForest,MAR,0.1,0.0205874201
GAINCredit,MAR,0.3,0.0295485522
MostFrequent,MAR,0.3,0.2418924949
MeanImputation,MAR,0.3,0.1403554946
MICE,MAR,0.3,0.026559674
MissForest,MAR,0.3,0.0171220349
GAINCredit,MAR,0.5,0.3393902392
MostFrequent,MAR,0.5,0.3597662853
MeanImputation,MAR,0.5,0.3220902136
MICE,MAR,0.5,0.0281507735
MissForest,MAR,0.5,0.0208075999
GAINCredit,MAR,0.7,0.3934223387
MostFrequent,MAR,0.7,0.8286833574
MeanImputation,MAR,0.7,0.7263154691
MICE,MAR,0.7,0.0766414412
MissForest,MAR,0.7,0.0550510021
GAINCredit,MCAR,0.1,0.0641228638
MostFrequent,MCAR,0.1,0.1859590344
MeanImputation,MCAR,0.1,0.0677239828
MICE,MCAR,0.1,0.0528942494
MissForest,MCAR,0.1,0.0323678047
GAINCredit,MCAR,0.3,0.084234578
MostFrequent,MCAR,0.3,0.1251604153
MeanImputation,MCAR,0.3,0.0659299506
MICE,MCAR,0.3,0.0558862452
MissForest,MCAR,0.3,0.0360713307
GAINCredit,MCAR,0.5,0.1621925224
MostFrequent,MCAR,0.5,0.509625835
MeanImputation,MCAR,0.5,0.2596118128
MICE,MCAR,0.5,0.0571952759
MissForest,MCAR,0.5,0.0385509208
GAINCredit,MCAR,0.7,0.0821875595
MostFrequent,MCAR,0.7,0.2884350414
MeanImputation,MCAR,0.7,0.2058752811
MICE,MCAR,0.7,0.0628859898
MissForest,MCAR,0.7,0.0461891879
GAINCredit,MAR,0.1,0.1391126058
MostFrequent,MAR,0.1,0.5683022006
MeanImputation,MAR,0.1,0.1821693115
MICE,MAR,0.1,0.0841703997
MissForest,MAR,0.1,0.0521505369
GAINCredit,MAR,0.3,0.0312554528
MostFrequent,MAR,0.3,0.7725107004
MeanImputation,MAR,0.3,0.4380573582
MICE,MAR,0.3,0.0322648505
MissForest,MAR,0.3,0.0215151413
GAINCredit,MAR,0.5,0.1394065457
MostFrequent,MAR,0.5,0.1967716472
MeanImputation,MAR,0.5,0.1762580509
MICE,MAR,0.5,0.0725387552
MissForest,MAR,0.5,0.0518565523
GAINCredit,MAR,0.7,0.2188205943
MostFrequent,MAR,0.7,0.6858536528
MeanImputation,MAR,0.7,0.6068458634
MICE,MAR,0.7,0.0673510988
MissForest,MAR,0.7,0.0495116227
GAINCredit,MCAR,0.1,0.0560767719
MostFrequent,MCAR,0.1,0.0847183156
MeanImputation,MCAR,0.1,0.0588878802
MICE,MCAR,0.1,0.0549590298
MissForest,MCAR,0.1,0.0328430528
GAINCredit,MCAR,0.3,0.0563744079
MostFrequent,MCAR,0.3,0.7704142852
MeanImputation,MCAR,0.3,0.2382998697
MICE,MCAR,0.3,0.0555098247
MissForest,MCAR,0.3,0.0350636617
GAINCredit,MCAR,0.5,0.0729710249
MostFrequent,MCAR,0.5,0.613384314
MeanImputation,MCAR,0.5,0.3095090166
MICE,MCAR,0.5,0.0573691952
MissForest,MCAR,0.5,0.0388573761
GAINCredit,MCAR,0.7,0.0879318938
MostFrequent,MCAR,0.7,0.8335818619
MeanImputation,MCAR,0.7,0.5854078578
MICE,MCAR,0.7,0.0625444084
MissForest,MCAR,0.7,0.0451520486
GAINCredit,MAR,0.1,0.0262501431
MostFrequent,MAR,0.1,0.6324537945
MeanImputation,MAR,0.1,0.1933546331
MICE,MAR,0.1,0.0260441386
MissForest,MAR,0.1,0.0169620765
GAINCredit,MAR,0.3,0.0862858085
MostFrequent,MAR,0.3,0.2720697541
MeanImputation,MAR,0.3,0.1815225363
MICE,MAR,0.3,0.074576945
MissForest,MAR,0.3,0.0483218395
GAINCredit,MAR,0.5,0.2636321918
MostFrequent,MAR,0.5,0.152669523
MeanImputation,MAR,0.5,0.1176527323
MICE,MAR,0.5,0.0350804396
MissForest,MAR,0.5,0.0281255792
GAINCredit,MAR,0.7,0.2440149043
MostFrequent,MAR,0.7,0.3638051978
MeanImputation,MAR,0.7,0.3303951127
MICE,MAR,0.7,0.0659994455
MissForest,MAR,0.7,0.0503617265
GAINCredit,MCAR,0.1,0.0713309069
MostFrequent,MCAR,0.1,0.0951739004
MeanImputation,MCAR,0.1,0.0577673526
MICE,MCAR,0.1,0.0532309417
MissForest,MCAR,0.1,0.0321195602
GAINCredit,MCAR,0.3,0.0587253968
MostFrequent,MCAR,0.3,0.8964606564
MeanImputation,MCAR,0.3,0.2746595415
MICE,MCAR,0.3,0.055480551
MissForest,MCAR,0.3,0.0350890976
GAINCredit,MCAR,0.5,0.3028471698
MostFrequent,MCAR,0.5,0.8072232239
MeanImputation,MCAR,0.5,0.4071065523
MICE,MCAR,0.5,0.0584757196
MissForest,MCAR,0.5,0.0396411556
GAINCredit,MCAR,0.7,0.1624160424
MostFrequent,MCAR,0.7,0.5238149853
MeanImputation,MCAR,0.7,0.3689756977
MICE,MCAR,0.7,0.0623828381
MissForest,MCAR,0.7,0.0460016594
GAINCredit,MAR,0.1,0.0423726721
MostFrequent,MAR,0.1,0.4553465914
MeanImputation,MAR,0.1,0.1918367621
MICE,MAR,0.1,0.0272580856
MissForest,MAR,0.1,0.0140074526
GAINCredit,MAR,0.3,0.0644602491
MostFrequent,MAR,0.3,0.4660636843
MeanImputation,MAR,0.3,0.3050937411
MICE,MAR,0.3,0.0295388673
MissForest,MAR,0.3,0.0191764546
GAINCredit,MAR,0.5,0.1627044034
MostFrequent,MAR,0.5,0.3641347558
MeanImputation,MAR,0.5,0.2662463597
MICE,MAR,0.5,0.065469119
MissForest,MAR,0.5,0.0467633033
GAINCredit,MAR,0.7,0.4122254754
MostFrequent,MAR,0.7,0.656652297
MeanImputation,MAR,0.7,0.5939040906
MICE,MAR,0.7,0.0635983059
MissForest,MAR,0.7,0.0474994547
GAINCredit,MCAR,0.1,0.0623451656
MostFrequent,MCAR,0.1,0.1034829059
MeanImputation,MCAR,0.1,0.0586438578
MICE,MCAR,0.1,0.0535427203
MissForest,MCAR,0.1,0.0327630781
GAINCredit,MCAR,0.3,0.1515068436
MostFrequent,MCAR,0.3,0.4041113094
MeanImputation,MCAR,0.3,0.132554785
MICE,MCAR,0.3,0.0547085831
MissForest,MCAR,0.3,0.0348254665
GAINCredit,MCAR,0.5,0.3208384434
MostFrequent,MCAR,0.5,0.1407982035
MeanImputation,MCAR,0.5,0.0860567248
MICE,MCAR,0.5,0.057881209
MissForest,MCAR,0.5,0.0390059816
GAINCredit,MCAR,0.7,0.180912418
MostFrequent,MCAR,0.7,0.8780188789
MeanImputation,MCAR,0.7,0.6163852485
MICE,MCAR,0.7,0.0625868595
MissForest,MCAR,0.7,0.0463596576
GAINCredit,MAR,0.1,0.0305768885
MostFrequent,MAR,0.1,0.1349008416
MeanImputation,MAR,0.1,0.0589453473
MICE,MAR,0.1,0.0353018662
MissForest,MAR,0.1,0.0214547068
GAINCredit,MAR,0.3,0.0902459863
MostFrequent,MAR,0.3,0.1194556015
MeanImputation,MAR,0.3,0.0996742091
MICE,MAR,0.3,0.0773810771
MissForest,MAR,0.3,0.0522563692
GAINCredit,MAR,0.5,0.0622286635
MostFrequent,MAR,0.5,0.5433621512
MeanImputation,MAR,0.5,0.4211842198
MICE,MAR,0.5,0.0344743398
MissForest,MAR,0.5,0.0267692479
GAINCredit,MAR,0.7,0.2380581253
MostFrequent,MAR,0.7,0.3279638417
MeanImputation,MAR,0.7,0.2989168038
MICE,MAR,0.7,0.0665392384
MissForest,MAR,0.7,0.0492041882
GAINCredit,MCAR,0.1,0.0614660328
MostFrequent,MCAR,0.1,0.199780984
MeanImputation,MCAR,0.1,0.0699225525
MICE,MCAR,0.1,0.0541242746
MissForest,MCAR,0.1,0.0330089093
GAINCredit,MCAR,0.3,0.0690249675
MostFrequent,MCAR,0.3,0.7632977115
MeanImputation,MCAR,0.3,0.2362560922
MICE,MCAR,0.3,0.0545610654
MissForest,MCAR,0.3,0.0346513247
GAINCredit,MCAR,0.5,0.3056314544
MostFrequent,MCAR,0.5,0.1425281877
MeanImputation,MCAR,0.5,0.0862970065
MICE,MCAR,0.5,0.0575503267
MissForest,MCAR,0.5,0.0390340074
GAINCredit,MCAR,0.7,0.0910613991
MostFrequent,MCAR,0.7,0.7015655848
MeanImputation,MCAR,0.7,0.4932867331
MICE,MCAR,0.7,0.063032813
MissForest,MCAR,0.7,0.045474982
GAINCredit,MAR,0.1,0.0960734993
MostFrequent,MAR,0.1,0.3219072444
MeanImputation,MAR,0.1,0.126209796
MICE,MAR,0.1,0.0870178429
MissForest,MAR,0.1,0.0521003959
GAINCredit,MAR,0.3,0.1382568599
MostFrequent,MAR,0.3,0.8001877665
MeanImputation,MAR,0.3,0.4711538176
MICE,MAR,0.3,0.0714619551
MissForest,MAR,0.3,0.0459480249
GAINCredit,MAR,0.5,0.1120551235
MostFrequent,MAR,0.5,0.6815808317
MeanImputation,MAR,0.5,0.5648538944
MICE,MAR,0.5,0.0701313967
MissForest,MAR,0.5,0.0512592805
GAINCredit,MAR,0.7,0.1511920546
MostFrequent,MAR,0.7,0.1012430528
MeanImputation,MAR,0.7,0.0901489781
MICE,MAR,0.7,0.0686959722
MissForest,MAR,0.7,0.0483359201
GAINCredit,MCAR,0.1,0.0635798865
MostFrequent,MCAR,0.1,0.4687217997
MeanImputation,MCAR,0.1,0.1070244743
MICE,MCAR,0.1,0.0546657515
MissForest,MCAR,0.1,0.0333504287
GAINCredit,MCAR,0.3,0.1051431679
MostFrequent,MCAR,0.3,0.4393522675
MeanImputation,MCAR,0.3,0.142418642
MICE,MCAR,0.3,0.0557915024
MissForest,MCAR,0.3,0.03505584
GAINCredit,MCAR,0.5,0.232315641
MostFrequent,MCAR,0.5,0.315567557
MeanImputation,MCAR,0.5,0.1658129452
MICE,MCAR,0.5,0.057495578
MissForest,MCAR,0.5,0.0390050088
GAINCredit,MCAR,0.7,0.0779013412
MostFrequent,MCAR,0.7,0.1979351039
MeanImputation,MCAR,0.7,0.1443382339
MICE,MCAR,0.7,0.0623199899
MissForest,MCAR,0.7,0.045757342
GAINCredit,MAR,0.1,0.0821497609
MostFrequent,MAR,0.1,0.7479798023
MeanImputation,MAR,0.1,0.2011726758
MICE,MAR,0.1,0.0766429296
MissForest,MAR,0.1,0.0461357249
GAINCredit,MAR,0.3,0.0964159209
MostFrequent,MAR,0.3,0.9072379857
MeanImputation,MAR,0.3,0.5354854163
MICE,MAR,0.3,0.0294860541
MissForest,MAR,0.3,0.0198458893
GAINCredit,MAR,0.5,0.1681294395
MostFrequent,MAR,0.5,0.3581567621
MeanImputation,MAR,0.5,0.2820466214
MICE,MAR,0.5,0.0677588841
MissForest,MAR,0.5,0.047475568
GAINCredit,MAR,0.7,0.1517015467
MostFrequent,MAR,0.7,0.8325393173
MeanImputation,MAR,0.7,0.7756987492
MICE,MAR,0.7,0.0572958993
MissForest,MAR,0.7,0.0423748616
GAINCredit,MCAR,0.1,0.0670002701
MostFrequent,MCAR,0.1,0.513020778
MeanImputation,MCAR,0.1,0.1057423647
MICE,MCAR,0.1,0.0541651116
MissForest,MCAR,0.1,0.0332833191
GAINCredit,MCAR,0.3,0.0860708424
MostFrequent,MCAR,0.3,0.1522343822
MeanImputation,MCAR,0.3,0.0704654342
MICE,MCAR,0.3,0.0545766957
MissForest,MCAR,0.3,0.0347289497
GAINCredit,MCAR,0.5,0.2477657909
MostFrequent,MCAR,0.5,0.18202887
MeanImputation,MCAR,0.5,0.103360546
MICE,MCAR,0.5,0.0576350127
MissForest,MCAR,0.5,0.0390509896
GAINCredit,MCAR,0.7,0.1105588373
MostFrequent,MCAR,0.7,0.1076419169
MeanImputation,MCAR,0.7,0.0853835848
MICE,MCAR,0.7,0.0622777419
MissForest,MCAR,0.7,0.0455227791
GAINCredit,MAR,0.1,0.0682481825
MostFrequent,MAR,0.1,0.3935514672
MeanImputation,MAR,0.1,0.1467780014
MICE,MAR,0.1,0.0287689989
MissForest,MAR,0.1,0.015728374
GAINCredit,MAR,0.3,0.1703908715
MostFrequent,MAR,0.3,0.4623282532
MeanImputation,MAR,0.3,0.261622332
MICE,MAR,0.3,0.0277395202
MissForest,MAR,0.3,0.0182590636
GAINCredit,MAR,0.5,0.3374926374
MostFrequent,MAR,0.5,0.2831177485
MeanImputation,MAR,0.5,0.2347251818
MICE,MAR,0.5,0.0294525758
MissForest,MAR,0.5,0.0218925393
GAINCredit,MAR,0.7,0.4172730379
MostFrequent,MAR,0.7,0.2957860511
MeanImputation,MAR,0.7,0.2702121087
MICE,MAR,0.7,0.0644526942
MissForest,MAR,0.7,0.0497901279
GAINCredit,MCAR,0.1,0.0502256543
MostFrequent,MCAR,0.1,0.1723080871
MeanImputation,MCAR,0.1,0.0668205468
MICE,MCAR,0.1,0.0541797472
MissForest,MCAR,0.1,0.0338261257
GAINCredit,MCAR,0.3,0.0788613365
MostFrequent,MCAR,0.3,0.1584356428
MeanImputation,MCAR,0.3,0.0718476741
MICE,MCAR,0.3,0.0555378452
MissForest,MCAR,0.3,0.0352815176
GAINCredit,MCAR,0.5,0.1802905069
MostFrequent,MCAR,0.5,0.2883927875
MeanImputation,MCAR,0.5,0.1519911372
MICE,MCAR,0.5,0.0573567031
MissForest,MCAR,0.5,0.0399153215
GAINCredit,MCAR,0.7,0.0930018144
MostFrequent,MCAR,0.7,0.5069406574
MeanImputation,MCAR,0.7,0.3566609607
MICE,MCAR,0.7,0.0625110446
MissForest,MCAR,0.7,0.0460611053
GAINCredit,MAR,0.1,0.024874243
MostFrequent,MAR,0.1,0.1823039673
MeanImputation,MAR,0.1,0.0688273903
MICE,MAR,0.1,0.0258249909
MissForest,MAR,0.1,0.0146609427
GAINCredit,MAR,0.3,0.0415365672
MostFrequent,MAR,0.3,0.193251861
MeanImputation,MAR,0.3,0.1137284188
MICE,MAR,0.3,0.0272254841
MissForest,MAR,0.3,0.0190830135
GAINCredit,MAR,0.5,0.1112889983
MostFrequent,MAR,0.5,0.8356828563
MeanImputation,MAR,0.5,0.6155646749
MICE,MAR,0.5,0.0335671498
MissForest,MAR,0.5,0.0239263768
GAINCredit,MAR,0.7,0.2308655473
MostFrequent,MAR,0.7,0.184645969
MeanImputation,MAR,0.7,0.1675270773
MICE,MAR,0.7,0.0654341268
MissForest,MAR,0.7,0.0520726546
GAINCredit,MCAR,0.1,0.0901472695
MostFrequent,MCAR,0.1,0.0886038855
MeanImputation,MCAR,0.1,0.0589057114
MICE,MCAR,0.1,0.0542542277
MissForest,MCAR,0.1,0.0333793762
GAINCredit,MCAR,0.3,0.1065938793
MostFrequent,MCAR,0.3,0.6768869162
MeanImputation,MCAR,0.3,0.2104236493
MICE,MCAR,0.3,0.0555866123
MissForest,MCAR,0.3,0.0350832371
GAINCredit,MCAR,0.5,0.2260691701
MostFrequent,MCAR,0.5,0.1493153725
MeanImputation,MCAR,0.5,0.0890678812
MICE,MCAR,0.5,0.058260613
MissForest,MCAR,0.5,0.0388926012
GAINCredit,MCAR,0.7,0.2036317111
MostFrequent,MCAR,0.7,0.1158244819
MeanImputation,MCAR,0.7,0.0904578753
MICE,MCAR,0.7,0.0624616876
MissForest,MCAR,0.7,0.0452772994
GAINCredit,MAR,0.1,0.082790486
MostFrequent,MAR,0.1,0.1086538112
MeanImputation,MAR,0.1,0.0789586424
MICE,MAR,0.1,0.0858750703
MissForest,MAR,0.1,0.0525132208
GAINCredit,MAR,0.3,0.1229670174
MostFrequent,MAR,0.3,0.5699769677
MeanImputation,MAR,0.3,0.3745264974
MICE,MAR,0.3,0.073879761
MissForest,MAR,0.3,0.0493901239
GAINCredit,MAR,0.5,0.1836616593
MostFrequent,MAR,0.5,0.5700153673
MeanImputation,MAR,0.5,0.4917031862
MICE,MAR,0.5,0.0694726003
MissForest,MAR,0.5,0.0495089003
GAINCredit,MAR,0.7,0.2097281566
MostFrequent,MAR,0.7,0.1204636374
MeanImputation,MAR,0.7,0.1109276864
MICE,MAR,0.7,0.0647105357
MissForest,MAR,0.7,0.0491769887
GAINCredit,MCAR,0.1,0.0769235388
MostFrequent,MCAR,0.1,0.4506206905
MeanImputation,MCAR,0.1,0.0965196745
MICE,MCAR,0.1,0.0539884563
MissForest,MCAR,0.1,0.0330431887
GAINCredit,MCAR,0.3,0.0740388316
MostFrequent,MCAR,0.3,0.8694251343
MeanImputation,MCAR,0.3,0.2657577604
MICE,MCAR,0.3,0.0550713238
MissForest,MCAR,0.3,0.0352437782
GAINCredit,MCAR,0.5,0.0654554596
MostFrequent,MCAR,0.5,0.884836111
MeanImputation,MCAR,0.5,0.4462699088
MICE,MCAR,0.5,0.0578767854
MissForest,MCAR,0.5,0.0390470945
GAINCredit,MCAR,0.7,0.3677118437
MostFrequent,MCAR,0.7,0.1206322233
MeanImputation,MCAR,0.7,0.093418239
MICE,MCAR,0.7,0.0630370433
MissForest,MCAR,0.7,0.0455179289
GAINCredit,MAR,0.1,0.0280218711
MostFrequent,MAR,0.1,0.3116504495
MeanImputation,MAR,0.1,0.0895065702
MICE,MAR,0.1,0.0314311679
MissForest,MAR,0.1,0.0189660661
GAINCredit,MAR,0.3,0.0756119834
MostFrequent,MAR,0.3,0.1577652679
MeanImputation,MAR,0.3,0.0963061334
MICE,MAR,0.3,0.0352528254
MissForest,MAR,0.3,0.0242223981
GAINCredit,MAR,0.5,0.1381326409
MostFrequent,MAR,0.5,0.3590929172
MeanImputation,MAR,0.5,0.2920430162
MICE,MAR,0.5,0.0314430221
MissForest,MAR,0.5,0.0228472123
GAINCredit,MAR,0.7,0.2555444977
MostFrequent,MAR,0.7,0.221648296
MeanImputation,MAR,0.7,0.2028103994
MICE,MAR,0.7,0.0644003398
MissForest,MAR,0.7,0.0494909488
GAINCredit,MCAR,0.1,0.077223815
MostFrequent,MCAR,0.1,0.3660053331
MeanImputation,MCAR,0.1,0.0905240882
MICE,MCAR,0.1,0.0522707904
MissForest,MCAR,0.1,0.0319180574
GAINCredit,MCAR,0.3,0.072381916
MostFrequent,MCAR,0.3,0.1204748416
MeanImputation,MCAR,0.3,0.06495586
MICE,MCAR,0.3,0.0550478905
MissForest,MCAR,0.3,0.0355031843
GAINCredit,MCAR,0.5,0.3669879994
MostFrequent,MCAR,0.5,0.216038631
MeanImputation,MCAR,0.5,0.1185333432
MICE,MCAR,0.5,0.057624283
MissForest,MCAR,0.5,0.0394003112
GAINCredit,MCAR,0.7,0.1494400607
MostFrequent,MCAR,0.7,0.4889970934
MeanImputation,MCAR,0.7,0.3454052811
MICE,MCAR,0.7,0.062560333
MissForest,MCAR,0.7,0.0452314353
GAINCredit,MAR,0.1,0.0997246131
MostFrequent,MAR,0.1,0.839859754
MeanImputation,MAR,0.1,0.2856875183
MICE,MAR,0.1,0.0866033398
MissForest,MAR,0.1,0.0526787322
GAINCredit,MAR,0.3,0.2753281403
MostFrequent,MAR,0.3,0.2037944448
MeanImputation,MAR,0.3,0.1616695143
MICE,MAR,0.3,0.0271146941
MissForest,MAR,0.3,0.0174074504
GAINCredit,MAR,0.5,0.4892184212
MostFrequent,MAR,0.5,0.841684601
MeanImputation,MAR,0.5,0.6423204639
MICE,MAR,0.5,0.0680477072
MissForest,MAR,0.5,0.0478797328
GAINCredit,MAR,0.7,0.328426426
MostFrequent,MAR,0.7,0.5255271249
MeanImputation,MAR,0.7,0.4876511503
MICE,MAR,0.7,0.038005809
MissForest,MAR,0.7,0.0292848589
GAINCredit,MCAR,0.1,0.0742912773
MostFrequent,MCAR,0.1,0.3913914499
MeanImputation,MCAR,0.1,0.0953402435
MICE,MCAR,0.1,0.053267336
MissForest,MCAR,0.1,0.0320338625
GAINCredit,MCAR,0.3,0.2962501105
MostFrequent,MCAR,0.3,0.2431015414
MeanImputation,MCAR,0.3,0.0906303386
MICE,MCAR,0.3,0.056050437
MissForest,MCAR,0.3,0.0356534067
GAINCredit,MCAR,0.5,0.2576975419
MostFrequent,MCAR,0.5,0.8757701165
MeanImputation,MCAR,0.5,0.4405160407
MICE,MCAR,0.5,0.0578377627
MissForest,MCAR,0.5,0.038988177
GAINCredit,MCAR,0.7,0.1393798545
MostFrequent,MCAR,0.7,0.1190570246
MeanImputation,MCAR,0.7,0.0922884505
MICE,MCAR,0.7,0.0627662771
MissForest,MCAR,0.7,0.0449828408
GAINCredit,MAR,0.1,0.027534151
MostFrequent,MAR,0.1,0.266273523
MeanImputation,MAR,0.1,0.0975456517
MICE,MAR,0.1,0.0223035565
MissForest,MAR,0.1,0.0151633289
GAINCredit,MAR,0.3,0.0316612508
MostFrequent,MAR,0.3,0.8984737729
MeanImputation,MAR,0.3,0.7004440585
MICE,MAR,0.3,0.0319216872
MissForest,MAR,0.3,0.0245847023
GAINCredit,MAR,0.5,0.1240725245
MostFrequent,MAR,0.5,0.1265146366
MeanImputation,MAR,0.5,0.105808707
MICE,MAR,0.5,0.0327438199
MissForest,MAR,0.5,0.0248272084
GAINCredit,MAR,0.7,0.1423409176
MostFrequent,MAR,0.7,0.2009581246
MeanImputation,MAR,0.7,0.1855454651
MICE,MAR,0.7,0.0648676739
MissForest,MAR,0.7,0.0468429999
GAINCredit,MCAR,0.1,0.0630359719
MostFrequent,MCAR,0.1,0.0714451323
MeanImputation,MCAR,0.1,0.0561300973
MICE,MCAR,0.1,0.0529933916
MissForest,MCAR,0.1,0.0323801536
GAINCredit,MCAR,0.3,0.060120327
MostFrequent,MCAR,0.3,0.2002149444
MeanImputation,MCAR,0.3,0.0807514654
MICE,MCAR,0.3,0.0551520767
MissForest,MCAR,0.3,0.0352992246
GAINCredit,MCAR,0.5,0.0558733069
MostFrequent,MCAR,0.5,0.150654069
MeanImputation,MCAR,0.5,0.0896917116
MICE,MCAR,0.5,0.0576531353
MissForest,MCAR,0.5,0.0392399763
GAINCredit,MCAR,0.7,0.1286035286
MostFrequent,MCAR,0.7,0.1259987808
MeanImputation,MCAR,0.7,0.0969687912
MICE,MCAR,0.7,0.0626060739
MissForest,MCAR,0.7,0.0450953268
GAINCredit,MAR,0.1,0.023985533
MostFrequent,MAR,0.1,0.8770206798
MeanImputation,MAR,0.1,0.2880062827
MICE,MAR,0.1,0.0250174466
MissForest,MAR,0.1,0.0153419955
GAINCredit,MAR,0.3,0.0266150825
MostFrequent,MAR,0.3,0.670227129
MeanImputation,MAR,0.3,0.4873111035
MICE,MAR,0.3,0.030268501
MissForest,MAR,0.3,0.0211698179
GAINCredit,MAR,0.5,0.2239397979
MostFrequent,MAR,0.5,0.1347053646
MeanImputation,MAR,0.5,0.1129110514
MICE,MAR,0.5,0.067651616
MissForest,MAR,0.5,0.0475914031
GAINCredit,MAR,0.7,0.1105708493
MostFrequent,MAR,0.7,0.6192582155
MeanImputation,MAR,0.7,0.5367714401
MICE,MAR,0.7,0.0688099462
MissForest,MAR,0.7,0.0514051781
GAINCredit,MCAR,0.1,0.0595207776
MostFrequent,MCAR,0.1,0.1901609146
MeanImputation,MCAR,0.1,0.0683172594
MICE,MCAR,0.1,0.0526495241
MissForest,MCAR,0.1,0.0320141043
GAINCredit,MCAR,0.3,0.1428845669
MostFrequent,MCAR,0.3,0.7069861658
MeanImputation,MCAR,0.3,0.2191357057
MICE,MCAR,0.3,0.0555108755
MissForest,MCAR,0.3,0.0355928603
GAINCredit,MCAR,0.5,0.2049501284
MostFrequent,MCAR,0.5,0.7664905558
MeanImputation,MCAR,0.5,0.3863899353
MICE,MCAR,0.5,0.0579073804
MissForest,MCAR,0.5,0.0388432598
GAINCredit,MCAR,0.7,0.1064012049
MostFrequent,MCAR,0.7,0.3375534289
MeanImputation,MCAR,0.7,0.2399136388
MICE,MCAR,0.7,0.0623790985
MissForest,MCAR,0.7,0.0457526162
GAINCredit,MAR,0.1,0.0224340486
MostFrequent,MAR,0.1,0.1298721491
MeanImputation,MAR,0.1,0.059591621
MICE,MAR,0.1,0.0240951692
MissForest,MAR,0.1,0.0131576851
GAINCredit,MAR,0.3,0.0897251167
MostFrequent,MAR,0.3,0.295018522
MeanImputation,MAR,0.3,0.1813483669
MICE,MAR,0.3,0.0748191061
MissForest,MAR,0.3,0.0500701963
GAINCredit,MAR,0.5,0.1368744412
MostFrequent,MAR,0.5,0.4683279973
MeanImputation,MAR,0.5,0.3847584606
MICE,MAR,0.5,0.0693037673
MissForest,MAR,0.5,0.050090466
GAINCredit,MAR,0.7,0.2495283418
MostFrequent,MAR,0.7,0.3107280985
MeanImputation,MAR,0.7,0.2837344642
MICE,MAR,0.7,0.036118702
MissForest,MAR,0.7,0.0290466296
GAINCredit,MCAR,0.1,0.0623553225
MostFrequent,MCAR,0.1,0.0756564209
MeanImputation,MCAR,0.1,0.0578003527
MICE,MCAR,0.1,0.0539761063
MissForest,MCAR,0.1,0.033767939
GAINCredit,MCAR,0.3,0.0923155451
MostFrequent,MCAR,0.3,0.7043372437
MeanImputation,MCAR,0.3,0.2180374529
MICE,MCAR,0.3,0.0552294487
MissForest,MCAR,0.3,0.0352694744
GAINCredit,MCAR,0.5,0.1065338403
MostFrequent,MCAR,0.5,0.6627238529
MeanImputation,MCAR,0.5,0.3345284382
MICE,MCAR,0.5,0.0576453152
MissForest,MCAR,0.5,0.0391025798
GAINCredit,MCAR,0.7,0.1405826701
MostFrequent,MCAR,0.7,0.780727507
MeanImputation,MCAR,0.7,0.5484589226
MICE,MCAR,0.7,0.0625177944
MissForest,MCAR,0.7,0.0458206567
GAINCredit,MAR,0.1,0.1179625189
MostFrequent,MAR,0.1,0.6682655058
MeanImputation,MAR,0.1,0.2925960597
MICE,MAR,0.1,0.0188106686
MissForest,MAR,0.1,0.0117667369
GAINCredit,MAR,0.3,0.1156726601
MostFrequent,MAR,0.3,0.1257306059
MeanImputation,MAR,0.3,0.0897737727
MICE,MAR,0.3,0.023203527
MissForest,MAR,0.3,0.0156297225
GAINCredit,MAR,0.5,0.066936256
MostFrequent,MAR,0.5,0.2785389487
MeanImputation,MAR,0.5,0.2316528608
MICE,MAR,0.5,0.0680571198
MissForest,MAR,0.5,0.0495299542
GAINCredit,MAR,0.7,0.1063609851
MostFrequent,MAR,0.7,0.4149538258
MeanImputation,MAR,0.7,0.3720289512
MICE,MAR,0.7,0.0661910002
MissForest,MAR,0.7,0.0488583177
GAINCredit,MCAR,0.1,0.0911166456
MostFrequent,MCAR,0.1,0.2433721141
MeanImputation,MCAR,0.1,0.0743177685
MICE,MCAR,0.1,0.052670894
MissForest,MCAR,0.1,0.0328045463
GAINCredit,MCAR,0.3,0.0537762738
MostFrequent,MCAR,0.3,0.1080236067
MeanImputation,MCAR,0.3,0.0627409786
MICE,MCAR,0.3,0.0553368852
MissForest,MCAR,0.3,0.0353746472
GAINCredit,MCAR,0.5,0.2110013479
MostFrequent,MCAR,0.5,0.2851195389
MeanImputation,MCAR,0.5,0.1507365559
MICE,MCAR,0.5,0.0575192547
MissForest,MCAR,0.5,0.0389704245
GAINCredit,MCAR,0.7,0.0727295771
MostFrequent,MCAR,0.7,0.8583811265
MeanImputation,MCAR,0.7,0.601754834
MICE,MCAR,0.7,0.062275311
MissForest,MCAR,0.7,0.0452257157
GAINCredit,MAR,0.1,0.0550054679
MostFrequent,MAR,0.1,0.102094443
MeanImputation,MAR,0.1,0.0709499908
MICE,MAR,0.1,0.0505020609
MissForest,MAR,0.1,0.033961633
GAINCredit,MAR,0.3,0.1568425764
MostFrequent,MAR,0.3,0.0987026766
MeanImputation,MAR,0.3,0.0764150963
MICE,MAR,0.3,0.0281604258
MissForest,MAR,0.3,0.0190980032
GAINCredit,MAR,0.5,0.0533769136
MostFrequent,MAR,0.5,0.1022299493
MeanImputation,MAR,0.5,0.0808853282
MICE,MAR,0.5,0.0329008694
MissForest,MAR,0.5,0.0234846304
GAINCredit,MAR,0.7,0.0977321865
MostFrequent,MAR,0.7,0.7897654274
MeanImputation,MAR,0.7,0.7448395857
MICE,MAR,0.7,0.0667727452
MissForest,MAR,0.7,0.0498652456
GAINCredit,MCAR,0.1,0.0665290158
MostFrequent,MCAR,0.1,0.0670736404
MeanImputation,MCAR,0.1,0.0570998263
MICE,MCAR,0.1,0.0536033899
MissForest,MCAR,0.1,0.0332663924
GAINCredit,MCAR,0.3,0.2432867872
MostFrequent,MCAR,0.3,0.1274423373
MeanImputation,MCAR,0.3,0.0661206941
MICE,MCAR,0.3,0.0554491828
MissForest,MCAR,0.3,0.035592637
GAINCredit,MCAR,0.5,0.2604324559
MostFrequent,MCAR,0.5,0.8628225918
MeanImputation,MCAR,0.5,0.4335194034
MICE,MCAR,0.5,0.0577719016
MissForest,MCAR,0.5,0.038557701
GAINCredit,MCAR,0.7,0.1279387379
MostFrequent,MCAR,0.7,0.2994532401
MeanImputation,MCAR,0.7,0.2137293746
MICE,MCAR,0.7,0.0620530744
MissForest,MCAR,0.7,0.0446723815
GAINCredit,MAR,0.1,0.0304993672
MostFrequent,MAR,0.1,0.2866132518
MeanImputation,MAR,0.1,0.0889596243
MICE,MAR,0.1,0.0258257243
MissForest,MAR,0.1,0.0168004844
GAINCredit,MAR,0.3,0.1703748069
MostFrequent,MAR,0.3,0.1248709354
MeanImputation,MAR,0.3,0.1002962941
MICE,MAR,0.3,0.0253609626
MissForest,MAR,0.3,0.0163412885
GAINCredit,MAR,0.5,0.0536170702
MostFrequent,MAR,0.5,0.6561479946
MeanImputation,MAR,0.5,0.4959423605
MICE,MAR,0.5,0.032708931
MissForest,MAR,0.5,0.0248133617
GAINCredit,MAR,0.7,0.0907168733
MostFrequent,MAR,0.7,0.2339514345
MeanImputation,MAR,0.7,0.2135116217
MICE,MAR,0.7,0.034067024
MissForest,MAR,0.7,0.0287313994
